{"cameraMode":{"drawMode":0,"name":"Shaded","section":"Shading Mode"},"sceneLighting":true,"audioPlay":false,"sceneViewState":{"showFog":true,"showMaterialUpdate":false,"showSkybox":true,"showFlares":true,"showImageEffects":true,"showParticleSystems":true},"in2DMode":false,"pivot":{"x":0.13999998569488526,"y":0.9500000476837158,"z":0.49000000953674319},"rotation":{"x":-0.6728102564811707,"y":-0.0008906816365197301,"z":0.0008098495309241116,"w":-0.7398141026496887},"size":2.8578836917877199,"orthographic":false}