{"cameraMode":{"drawMode":0,"name":"Shaded","section":"Shading Mode"},"sceneLighting":true,"audioPlay":false,"sceneViewState":{"showFog":true,"showMaterialUpdate":false,"showSkybox":true,"showFlares":true,"showImageEffects":true,"showParticleSystems":true},"in2DMode":false,"pivot":{"x":-3.740565776824951,"y":2.9519309997558595,"z":2.7510929107666017},"rotation":{"x":-0.016664890572428705,"y":0.981624960899353,"z":-0.10196398943662644,"w":-0.16043105721473695},"size":12.334006309509278,"orthographic":false}